Тест-кейсы stroyseven;;;;;;;;;;;
ID;Название (Title):;Описание( Summary):;;Приоритет (Priority);Предусловия (Preconditions);Шаги (Steps to reproduce):;;Ожидаемый результат (Expected result):	;;Фактический результат;Фиксация бага
1;Регистрация как розничный покупатель;Пользователь успешно регистрируется как розничный покупатель;;Высокий;Быть не зарегистрированным пользователем;1. Открыть страницу https://stroyseven.ru;;1. Главная страница сайта открывается;;;
;;;;;;2. Нажать на кнопку «Кабинет»;;2. Открывается поле авторизации с кликабельными кнопками«Забыли пароль?» ,«Войти», «Регистрация»;;;
;;;;;;3. Нажать на кнопку «Регистрация»;;3. Открывается страница быстрой регистрации https://stroyseven.ru/index.php?route=account/simpleregister;;;
;;;;;;4. Нажать на радио-кнопку «Розничный покупатель»;;4. Появляются поля для регистрации пользователя как розничного покупателя;;;
;;;;;;5. Заполнить поле «ФИО или название компании»;;5. Поле заполняется валидными значениями;;;
;;;;;;6. Заполнить поле «email»;;6. Поле заполняется валидными значениями;;;
;;;;;;7. Заполнить поле «телефон»;;7. Поле заполняется валидными значениями;;;
;;;;;;8. Заполнить поле «пароль»;;8. Поле заполняется валидными значениями;;;
;;;;;;9. Заполнить поле «подтвердите пароль»;;9. Поле заполняется валидными значениями;;;
;;;;;;10. Нажать на кнопку «Продолжить»;;10. Пользователь как розничный покупатель зарегистрирован и попадает на страницу https://stroyseven.ru/index.php?route=account/success;;;
2;Регистрация как юридическое лицо;Пользователь успешно регистрируется как юридическое лицо;;Высокий;Быть не зарегистрированным пользователем;1. Открыть страницу https://stroyseven.ru;;1. Главная страница сайта открывается;;;
;;;;;;2. Нажать на кнопку «Кабинет»;;2. Открывается поле авторизации с кликабельными кнопками«Забыли пароль?» ,«Войти», «Регистрация»;;;
;;;;;;3. Нажать на кнопку «Регистрация»;;3. Открывается страница быстрой регистрации https://stroyseven.ru/index.php?route=account/simpleregister;;;
;;;;;;4. Нажать на радио-кнопку «Юридическое лицо»;;4. Появляются поля для регистрации пользователя как юридическое лицо;;;
;;;;;;5. Заполнить поле «ФИО или название компании»;;5. Поле заполняется валидными значениями;;;
;;;;;;6. Заполнить поле «ИНН»;;6. Поле заполняется валидными значениями;;;
;;;;;;7. Заполнить поле «email»;;7. Поле заполняется валидными значениями;;;
;;;;;;8. Заполнить поле «телефон»;;8. Поле заполняется валидными значениями;;;
;;;;;;9. Заполнить поле «пароль»;;9. Поле заполняется валидными значениями;;;
;;;;;;10. Заполнить поле «подтвердите пароль»;;10. Поле заполняется валидными значениями;;;
;;;;;;11. Нажать на кнопку «Продолжить»;;11. Пользователь как розничный покупатель зарегистрирован и попадает на страницу https://stroyseven.ru/index.php?route=account/success;;;
3;Ввод граничных значений в поле ввода «ФИО или название компании» при регистрации;Система должна правильно реагировать на ввод граничных значений в поле «ФИО или название компании» ;;Средний ;Быть не зарегистрированным пользователем;1. Открыть страницу https://stroyseven.ru/index.php?route=account/simpleregister;;1. Открывается страница быстрой регистрации;;;
;;;;;;2. Вести в поле ФИО слово из 32 букв на кириллице и нажать на кнопку «Продолжить»;;2. Поле заполняется данными;;;
;;;;;;3. Вести в поле ФИО слово из 33 букв на кириллице и нажать на кнопку «Продолжить»;;3. Появляется сообщение «Имя должно быть от 1 до 32 символов!»;;;
;;;;;;4. Вести в поле ФИО слово из 1 буквы на кириллице и нажать на кнопку «Продолжить»;;4. Поле заполняется данными;;;
4;Ввод валидных значений в поле ввода «ФИО или название компании» при регистрации;Система должна правильно реагировать на ввод валидных значений в поле «ФИО или название компании» ;;Высокий;Быть не зарегистрированным пользователем;1. Открыть страницу https://stroyseven.ru/index.php?route=account/simpleregister;;1. Открывается страница быстрой регистрации;;;
;;;;;;2. Ввести любое слово или любое количество слов на кириллице в поле ФИО, где сумма всех букв в поле будет <=32 и нажать на кнопку «Продолжить»;;2. Поле заполняется данными;;;
;;;;;;3. Ввести любое слово или любое количество слов на латинице в поле ФИО, где сумма всех букв в поле будет <=32 и нажать на кнопку «Продолжить»;;3. Поле заполняется данными;;;
;;;;;;4. Вести в поле ФИО цифры в количестве <=32 и нажать на кнопку «Продолжить»;;4. Поле заполняется данными;;;
;;;;;;5. Вести в поле ФИО спецсимволы в количестве <=32 и нажать на кнопку «Продолжить»;;5. Поле заполняется данными;;;
5;Отсутсвие значений в поле ввода «ФИО или название компании» при регистрации;Система должна правильно реагировать на отсутствие значений в поле «ФИО или название компании» ;;Средний;Быть не зарегистрированным пользователем;1. Открыть страницу https://stroyseven.ru/index.php?route=account/simpleregister;;1. Открывается страница быстрой регистрации;;;
;;;;;;2. Оставить пустое поле ввода ФИО и нажать на кнопку «Продолжить»;;2. Появляется сообщение «Имя должно быть от 1 до 32 символов!»;;;
6;Ввод валидных значений в поле ввода «email» при регистрации;Система должна правильно реагировать на ввод валидных значений в поле «email»;;Высокий;Быть не зарегистрированным пользователем;1. Открыть страницу https://stroyseven.ru/index.php?route=account/simpleregister;;1. Открывается страница быстрой регистрации;;;
;;;;;;"2. Вводим данные в поле в формате username@hostname соответствующие следующим требованиям:
Имя пользователя (username) может содержать:
- латиницу
- цифры
- знаки! # $ % & ‘ * + — / =? ^ _ ` { | } ~
- точку, за исключением первого и последнего знака, которая не может повторяться.
Имя хоста (hostname) состоит из нескольких компонентов, разделённых точкой и не превышающих 63 символа, и суффиксов (домены первого уровня). 
Имя хоста (hostname) может содержать:
- латиницу
- цифры
- дефисов, причём дефисы не могут быть в начале или в конце компонента.
Длина email не более 320 символов.
Длина домена первого уровня 2-63 буквы после точки.";;2. Поле заполняется данными;;;
7;Ввод невалидных значений в поле ввода «email» при регистрации;Система должна правильно реагировать на ввод невалидных значений в поле «email»;;Средний;Быть не зарегистрированным пользователем;1. Открыть страницу https://stroyseven.ru/index.php?route=account/simpleregister;;1. Открывается страница быстрой регистрации;;;
;;;;;;2. Ввести email без точек в доменной части и нажать на кнопку «Продолжить»;;2. Появляется  надпись «Некорректный адрес электронной почты!»;;2. Поле заполняется данными;Баг-репорт 1
;;;;;;3. Ввести данные в поле без символа @ и нажать на кнопку «Продолжить»;;3. Появляется надпись «Некорректный адрес электронной почты!»;;;
;;;;;;4. Ввести email с пробелами в имени аккаунта и нажать на кнопку «Продолжить»;;4. Появляется  надпись «Некорректный адрес электронной почты!»;;4. Поле заполняется данными;Баг-репорт 2
;;;;;;5. Ввести email с пробелами в доменной части и нажать на кнопку «Продолжить»;;5. Появляется  надпись «Некорректный адрес электронной почты!»;;5. Поле заполняется данными;Баг-репорт 3
8;Отсутсвие значений в поле ввода «email» при регистрации;Система должна правильно реагировать на отсутствие значений в поле «email»;;Средний;Быть не зарегистрированным пользователем;1. Открыть страницу https://stroyseven.ru/index.php?route=account/simpleregister;;1. Открывается страница быстрой регистрации;;;
;;;;;;2. Оставить пустое поле ввода «email» и нажать на кнопку «Продолжить»;;2. Появляется надпись «Некорректный адрес электронной почты!»;;;
9;Ввод граничных значений в поле ввода «телефон» при регистрации;Система должна правильно реагировать на ввод граничных значений в поле «телефон»;;Средний;Быть не зарегистрированным пользователем;1. Открыть страницу https://stroyseven.ru/index.php?route=account/simpleregister;;1. Открывается страница быстрой регистрации;;;
;;;;;;2. Ввести в поле ввода номера телефона 9 цифр и нажать на кнопку «Продолжить» (+7 добавляется автоматически);;2. Появляется надпись «Заполните поле»;;2. Из поля удаляются данные;Баг-репорт 4
;;;;;;3. Ввести в поле ввода номера телефона 10 цифр и нажать на кнопку «Продолжить» +7 добавляется автоматически);;3. Поле заполняется данными;;;
;;;;;;4. Ввести в поле ввода номера телефона 11 цифр и нажать на кнопку «Продолжить» +7 добавляется автоматически);;4. Вводятся только 10 цифр;;;
10;Ввод валидных значений в поле ввода «телефон» при регистрации;Система должна правильно реагировать на ввод валидных значений в поле «телефон»;;Высокий;Быть не зарегистрированным пользователем;1. Открыть страницу https://stroyseven.ru/index.php?route=account/simpleregister;;1. Открывается страница быстрой регистрации;;;
;;;;;;2. Ввести в поле ввода номера телефона данные в формате +7-xxx-xxx-xx-xx и нажать на кнопку «Продолжить» (+7 добавляется автоматически);;2. Поле заполняется данными;;;
;;;;;;3. Ввести в поле ввода номера телефона данные в формате 8-xxx-xxx-xx-xx и нажать на кнопку «Продолжить» (+7 добавляется автоматически);;3. Поле заполняется данными;;3. Поле не поддерживает формат ввода телефона 8-xxx-xxx-xx-xx;Баг-репорт 5
;;;;;;4. Ввести в поле ввода номера телефона данные без первой цифры;;4. +7 добавляется автоматически, поле заполняется данными;;;
11;Ввод невалидных значений в поле ввода «телефон» при регистрации;Система должна правильно реагировать на ввод невалидных значений в поле «телефон»;;Средний;Быть не зарегистрированным пользователем;1. Открыть страницу https://stroyseven.ru/index.php?route=account/simpleregister;;1. Открывается страница быстрой регистрации;;;
;;;;;;2. Ввести в поле ввода номера телефона буквы на латинице;;2. Поле не заполняется данными;;;
;;;;;;3. Ввести в поле ввода номера телефона буквы на кириллице;;3. Поле не заполняется данными;;;
;;;;;;4. Ввести в поле ввода номера телефона спецсимволы;;4. Поле не заполняется данными;;;
12;Отсутсвие значений в поле ввода «телефон» при регистрации;Система должна правильно реагировать на отсутствие значений в поле «телефон»;;Средний;Быть не зарегистрированным пользователем;1. Открыть страницу https://stroyseven.ru/index.php?route=account/simpleregister;;1. Открывается страница быстрой регистрации;;;
;;;;;;2. Оставить пустое поле ввода номера телефона и нажать на кнопку «Продолжить»;;2. Появляется надпись «Заполните поле»;;2. Не происходит никаких изменений;Баг-репорт 6
13;Ввод граничных значений в поле ввода «пароль» при регистрации;Система должна правильно реагировать на ввод граничных значений в поле «пароль»;;Средний;Быть не зарегистрированным пользователем;1. Открыть страницу https://stroyseven.ru/index.php?route=account/simpleregister;;1. Открывается страница быстрой регистрации;;;
;;;;;;2. Ввести в поле ввода пароля 3 любых символа (Буквы на кирилице/латинице, цифры, спец символы) и нажать на кнопку «Продолжить»;;2. Появляется надпись «Пароль должен быть от 4 до 20 символов!»;;;
;;;;;;3. Ввести в поле ввода пароля 4 любых символа (Буквы на кирилице/латинице, цифры, спец символы) и нажать на кнопку «Продолжить»;;3. Поле заполняется данными;;;
;;;;;;4. Ввести в поле ввода пароля 20 любых символа (Буквы на кирилице/латинице, цифры, спец символы) и нажать на кнопку «Продолжить»;;4. Поле заполняется данными;;;
;;;;;;5. Ввести в поле ввода пароля 21 любых символа (Буквы на кирилице/латинице, цифры, спец символы) и нажать на кнопку «Продолжить»;;5. Появляется надпись «Пароль должен быть от 4 до 20 символов!»;;;
14;Отсутсвие значений в поле ввода «пароль» при регистрации;Система должна правильно реагировать на отсутствие значений в поле «пароль»;;Средний;Быть не зарегистрированным пользователем;1. Открыть страницу https://stroyseven.ru/index.php?route=account/simpleregister;;1. Открывается страница быстрой регистрации;;;
;;;;;;2. Оставить пустое поле ввода «пароль» и нажать на кнопку «Продолжить»;;2. Появляется надпись «Пароль должен быть от 4 до 20 символов!»;;;
15;Ввод валидных значений в поле ввода «пароль» при регистрации;Система должна правильно реагировать на ввод валидных значений в поле «пароль»;;Высокий;Быть не зарегистрированным пользователем;1. Открыть страницу https://stroyseven.ru/index.php?route=account/simpleregister;;1. Открывается страница быстрой регистрации;;;
;;;;;;2. Ввести 5ти значный пароль, содержащий кириллицу, латиницу, цифры, спец символы ( например кs4@ш ) и нажать на кнопку «Продолжить»;;2. Поле заполняется данными;;;
16;Ввод действительного пароля в поле ввода «подтвердите пароль» при регистрации;Система должна правильно реагировать на ввод действительного пароля в поле «подтвердите пароль»;;Средний;Быть не зарегистрированным пользователем ;1. Открыть страницу https://stroyseven.ru/index.php?route=account/simpleregister;;1. Открывается страница быстрой регистрации;;;
;;;;;;2. Ввести валидный пароль в поле  «пароль»;;2. Поле заполняется данными;;;
;;;;;;3. Ввести в поле «подтвердите пароль» пароль, который введен в поле «пароль» и нажать на кнопку «Продолжить»;;3. Поле заполняется данными;;;
17;Ввод недействительного пароля я в поле ввода «подтвердите пароль» при регистрации;Система должна правильно реагировать на ввод недействительного пароля в поле «подтвердите пароль»;;Средний;Быть не зарегистрированным пользователем ;1. Открыть страницу https://stroyseven.ru/index.php?route=account/simpleregister;;1. Открывается страница быстрой регистрации;;;
;;;;;;2. Ввести валидный пароль в поле  «пароль»;;2. Поле заполняется данными;;;
;;;;;;3. Ввести в поле «подтвердите пароль» пароль, который не был введен в поле «пароль» и нажать на кнопку «Продолжить»;;3. Появляется надпись «Подтверждение пароля не соответствует паролю!»;;;
18;Отсутсвие значений в поле ввода «подтвердите пароль» при регистрации;Система должна правильно реагировать на отсутствие значений в поле «подтвердите пароль»;;Средний;Быть не зарегистрированным пользователем ;1. Открыть страницу https://stroyseven.ru/index.php?route=account/simpleregister;;1. Открывается страница быстрой регистрации;;;
;;;;;;2. Оставить пустое поле ввода «подтвердите пароль» и нажать на кнопку «Продолжить»;;2. Появляется надпись «Подтверждение пароля не соответствует паролю!»;;;
19;Ввод валидных значений в поле ввода «ИНН» при регистрации как юридическое лицо при регистрации;Система должна правильно реагировать на ввод валидных значений в поле «ИНН»;;Высокий;Быть не зарегистрированным пользователем ;1. Открыть страницу https://stroyseven.ru/index.php?route=account/simpleregister;;1. Открывается страница быстрой регистрации;;;
;;;;;;2. Нажать на радио-кнопку «Юридическое лицо»;;2. Появляются поля для регистрации пользователя как юридическое лицо;;;
;;;;;;3. Ввести валидные значения в поле ввода (Например 7743013901) и нажать на кнопку «Продолжить»;;3. Поле заполняется данными;;;
20;Ввод невалидных значений в поле ввода «ИНН» при регистрации как юридическое лицо;Система должна правильно реагировать на ввод невалидных значений в поле «ИНН»;;Средний;Быть не зарегистрированным пользователем ;1. Открыть страницу https://stroyseven.ru/index.php?route=account/simpleregister;;1. Открывается страница быстрой регистрации;;;
;;;;;;2. Нажать на радио-кнопку «Юридическое лицо»;;2. Появляются поля для регистрации пользователя как юридическое лицо;;;
;;;;;;3. Ввести невалидные значения в поле ввода (Например 7743013902) и нажать на кнопку «Продолжить»;;3. Появляется надпись «ИНН указан неверно!»;;;
21;Отсутсвие значений в поле ввода «ИНН» при регистрации как юридическое лицо;Система должна правильно реагировать на отсутствие значений в поле «ИНН»;;Средний;Быть не зарегистрированным пользователем ;1. Открыть страницу https://stroyseven.ru/index.php?route=account/simpleregister;;1. Открывается страница быстрой регистрации;;;
;;;;;;2. Нажать на радио-кнопку «Юридическое лицо»;;2. Появляются поля для регистрации пользователя как юридическое лицо;;;
;;;;;;3. Оставить пустое поле ввода «ИНН» и нажать на кнопку «Продолжить»;;3. Появляется надпись «ИНН указан неверно!»;;;
22;Регистрация уже авторизованного пользователя;Система должна правильно реагировать на ввод email уже авторизованного пользователя при регистрации;;Высокий;Быть зарегистрированным пользователем ;1. Открыть страницу https://stroyseven.ru/index.php?route=account/simpleregister;;1. Открывается страница быстрой регистрации;;;
;;;;;;2. Ввести в поле email авторизованного пользователя;;3. Появляется надпись «Адрес уже зарегистрирован!»;;;
23;Авторизация зарегистрированного пользователя по телефону;Есть возможность зарегистрированному пользователю авторизоваться с помощью телефона;;Высокий;Быть зарегистрированным пользователем ;1. Открыть страницу https://stroyseven.ru;;1. Главная страница сайта открывается;;;
;;;;;;2. Нажать на кнопку «Кабинет»;;2. Открывается поле авторизации с кликабельными кнопками«Забыли пароль?» ,«Войти», «Регистрация»;;;
;;;;;;3. Ввести зарегистрированный телефон  в поле ввода телефона и нажать на кнопку «Войти»;;3. Происходит авторизация пользователя;;3. Не существует функционала авторизации с помощью телефона;Баг-репорт 7
24;Авторизация зарегистрированного пользователя по email;Есть возможность зарегистрированному пользователю авторизоваться с помощью email;;Высокий;Быть зарегистрированным пользователем ;1. Открыть страницу https://stroyseven.ru;;1. Главная страница сайта открывается;;;
;;;;;;2. Нажать на кнопку «Кабинет»;;2. Открывается поле авторизации с кликабельными кнопками«Забыли пароль?» ,«Войти», «Регистрация»;;;
;;;;;;3. Ввести зарегистрированный email в поле ввода email;;3. Поле заполняется данными;;;
;;;;;;4. Ввести пароль в поле ввода пароля;;4. Поле заполняется данными;;;
;;;;;;5. Нажать на кнопку «Войти»;;5. Происходит авторизация пользователя;;;
25;Авторизация незарегистрированного пользователя по email;Система должна правильно реагировать на авторизацию незарегистрированного пользователя по email;;Высокий;Быть не зарегистрированным пользователем ;1. Открыть страницу https://stroyseven.ru;;1. Главная страница сайта открывается;;;
;;;;;;2. Нажать на кнопку «Кабинет»;;2. Открывается поле авторизации с кликабельными кнопками«Забыли пароль?» ,«Войти», «Регистрация»;;;
;;;;;;3. Ввести незарегистрированный email в поле ввода email;;3. Поле заполняется данными;;;
;;;;;;4. Ввести пароль в поле ввода пароля;;4. Поле заполняется данными;;;
;;;;;;5. Нажать на кнопку «Войти»;;5. Появляется уведомление «Ошибка! Неправильный email и/или пароль»;;;
26;Восстановление пароля по email авторизованного пользователя;При восстановлении пароля по email авторизованного пользователя, приходит ссылка на email для сброса пароля;;Высокий;Быть зарегистрированным пользователем ;1. Открыть страницу https://stroyseven.ru;;1. Главная страница сайта открывается;;;
;;;;;;2. Нажать на кнопку «Кабинет»;;2. Поле заполняется данными;;;
;;;;;;3. Нажать на кнопку «Забыли пароль»;;3. Открывается страница для восстановления пароля по email;;;
;;;;;;4. Ввести email авторизованного пользователя;;4. Появляется уведомление «Новый пароль был выслан на Ваш E-Mail.»;;;
;;;;;;5. Открыть письмо, которое пришло на почту;;5. В письме приходит ссылка для сброса пароля;;5. Новый пароль уходит в спам;Баг-репорт 8
;;;;;;6. Нажать на ссылку сброса пароля;;6. Открывается страница восстановления пароля;;;
;;;;;;7. Ввести новый пароль;;7. Поле заполняется данными;;;
;;;;;;8. Подтвердить пароль;;8. Поле заполняется данными;;;
;;;;;;9. Нажать на кнопку «Продолжить»;;9. Пользователь попадает в поле для авторизации;;;
27;Восстановление  пароля по email незарегистрированным пользователем;Система должна правильно реагировать на восстановление  пароля по email незарегистрированным пользователем;;Высокий;Быть не зарегистрированным пользователем ;1. Открыть страницу https://stroyseven.ru;;1. Главная страница сайта открывается;;;
;;;;;;2. Нажать на кнопку «Кабинет»;;2. Поле заполняется данными;;;
;;;;;;3. Нажать на кнопку «Забыли пароль»;;3. Открывается страница для восстановления пароля по email;;;
;;;;;;4. Ввести email неавторизованного пользователя;;5. Появляется уведомление «E-Mail адрес не найден, проверьте и попробуйте еще раз!»;;;
28;Добавление товара/товаров в корзину незарегистрированным пользователем;Незарегистрированный пользователь может добавлять товар/товары в корзину;;Высокий;Быть не зарегистрированным пользователем ;1. Открыть страницу https://stroyseven.ru;;1. Главная страница сайта открывается;;;
;;;;;;2. Нажать на кнопку «Каталог»;;2. Открывается выпадающий список с категориями товаров;;;
;;;;;;3. Выбрать конкретную категорию товара;;3. Открывается страница с товарами из выбранной категории;;;
;;;;;;4. Нажать на кнопку «Купить» рядом с конкретным товаром;;4. Появляется уведомление о том, что выбранный товар добавлен в корзину;;;
;;;;;;5. Нажать на кнопку «Корзина»;;5. Выбранный товар добавлен в корзину;;;
29;Добавление товара/товаров в корзину авторизованным пользователем;Авторизованный пользователь может добавлять товар/товары в корзину;;Высокий;Быть зарегистрированным и авторизованным пользователем ;1. Открыть страницу https://stroyseven.ru;;1. Главная страница сайта открывается;;;
;;;;;;2. Нажать на кнопку «Каталог»;;2. Открывается выпадающий список с категориями товаров;;;
;;;;;;3. Выбрать конкретную категорию товара;;3. Открывается страница с товарами из выбранной категории;;;
;;;;;;4. Нажать на кнопку «Купить» рядом с конкретным товаром;;4. Появляется уведомление о том, что выбранный товар добавлен в корзину;;;
;;;;;;5. Нажать на кнопку «Корзина»;;5. Выбранный товар добавлен в корзину;;;
30;Удаление товаров из корзины;Пользователь может удалять товар/товары из корзину;;Высокий;;1. Открыть страницу https://stroyseven.ru;;1. Главная страница сайта открывается;;;
;;;;;;2. Нажать на кнопку «Каталог»;;2. Открывается выпадающий список с категориями товаров;;;
;;;;;;3. Выбрать конкретную категорию товара;;3. Открывается страница с товарами из выбранной категории;;;
;;;;;;4. Нажать на кнопку «Купить» рядом с конкретным товаром;;4. Появляется уведомление о том, что выбранный товар добавлен в корзину;;;
;;;;;;5. Нажать на кнопку «Корзина»;;5. Выбранный товар добавлен в корзину;;;
;;;;;;6. Нажать на значок удаления товара из корзины рядом с товаром;;6. Выбранный товар удаляется из корзины;;;
31;Оформление заказа авторизованным покупателем;Авторизованный пользователь может оформить заказ;;Высокий;Быть зарегистрированным и авторизованным пользователем ;1. Открыть страницу https://stroyseven.ru;;1. Главная страница сайта открывается;;;
;;;;;;2. Нажать на кнопку «Каталог»;;2. Открывается выпадающий список с категориями товаров;;;
;;;;;;3. Выбрать конкретную категорию товара;;3. Открывается страница с товарами из выбранной категории;;;
;;;;;;4. Нажать на кнопку «Купить» рядом с конкретным товаром;;4. Появляется уведомление о том, что выбранный товар добавлен в корзину;;;
;;;;;;5. Нажать на кнопку «Корзина»;;5. Выбранный товар добавлен в корзину;;;
;;;;;;6. Нажать на кнопку «Оформить заказ»;;6. Открывается страница для оформления заказа;;;
32;Оформление заказа незарегистрированным покупателем;Незарегистрированный пользователь может оформить заказ;;Высокий;Быть незарегистрированным пользователем ;1. Открыть страницу https://stroyseven.ru;;1. Главная страница сайта открывается;;;
;;;;;;2. Нажать на кнопку «Каталог»;;2. Открывается выпадающий список с категориями товаров;;;
;;;;;;3. Выбрать конкретную категорию товара;;3. Открывается страница с товарами из выбранной категории;;;
;;;;;;4. Нажать на кнопку «Купить» рядом с конкретным товаром;;4. Появляется уведомление о том, что выбранный товар добавлен в корзину;;;
;;;;;;5. Нажать на кнопку «Корзина»;;5. Выбранный товар добавлен в корзину;;;
;;;;;;6. Нажать на кнопку «Оформить заказ»;;6. Открывается страница для оформления заказа;;;
33;Добавление товара в раздел «Избранное»;Пользователь может добавлять товар в избранное;;Средний;;1. Открыть страницу https://stroyseven.ru;;1. Главная страница сайта открывается;;;
;;;;;;2. Нажать на кнопку «Каталог»;;2. Открывается выпадающий список с категориями товаров;;;
;;;;;;3. Выбрать конкретную категорию товара;;3. Открывается страница с товарами из выбранной категории;;;
;;;;;;4. Нажать на кнопку «Сердечко» на карточке конкретного товара;;4. Появляется уведомление о том, что выбранный товар добавлен в избранное;;;
;;;;;;5. Нажать на кнопку «Избранное»;;5. Выбранный товар добавлен в избранное;;;
34;Удаление товара из раздела «Избранное»;Пользователь может удалять товар из избранного;;Средний;;1. Открыть страницу https://stroyseven.ru;;1. Главная страница сайта открывается;;;
;;;;;;2. Нажать на кнопку «Каталог»;;2. Открывается выпадающий список с категориями товаров;;;
;;;;;;3. Выбрать конкретную категорию товара;;3. Открывается страница с товарами из выбранной категории;;;
;;;;;;4. Нажать на кнопку «Сердечко» на карточке конкретного товара;;4. Появляется уведомление о том, что выбранный товар добавлен в избранное;;;
;;;;;;5. Нажать на кнопку «Избранное»;;5. Выбранный товар добавлен в избранное;;;
;;;;;;6. Еще раз нажать на кнопку «Сердечко» на карточке конкретного товара;;4. Появляется уведомление о том, что выбранный товар удален из избранного и товар удаляется;;;
35;Просмотр разделов сайта верхней части сайта (header);Разделы сайта открываются и содержат соответствующую разделам информацию;;Средний;;1. Открыть страницу https://stroyseven.ru;;1. Главная страница сайта открывается;;;
;;;;;;2. Открыть раздел «О компании»;;2. Открывается страница https://stroyseven.ru/o_kompanii с соответствующей разделу информацией;;;
;;;;;;3. Открыть раздел «Калькулятор доставки»;;3. Открывается страница https://stroyseven.ru/dostavka с соответствующей разделу информацией;;;
;;;;;;4. Открыть раздел «Контакты»;;4. Открывается страница https://stroyseven.ru/kontaktyс соответствующей разделу информацией;;;
;;;;;;5. Открыть раздел «Оплата»;;5. Открывается страница https://stroyseven.ru/oplata с соответствующей разделу информацией;;;
;;;;;;6. Открыть раздел «Оптовикам и Юр.Лицам»;;5. Открывается страница с соответствующей разделу информацией;;6. Открывается страница https://stroyseven.ru/my-account/ с информацией из раздела личного кабинета «Моя информация»;Баг-репорт 9
36;Работа  кнопки «Каталог»;Каталог фильтра товаров открывается и закрывается нажатием на кнопку «Каталог»;;Высокий;;1. Открыть страницу https://stroyseven.ru;;1. Главная страница сайта открывается;;;
;;;;;;2. Нажать на кнопку «Каталог»;;2. Открывается выпадающий список с категориями товаров;;;
;;;;;;3. Снова нажать на кнопку «Каталог»;;3. Список с категориями товаров закрывается;;;
37;Работа фильтров;Фильтры товаров открываются, в них есть подфильтры. При открытии фильтров открывается страница с соответствующими категории  товарами;;Высокий;;1. Открыть страницу https://stroyseven.ru;;1. Главная страница сайта открывается;;;
;;;;;;2. Нажать на кнопку «Каталог»;;2. Открывается выпадающий список с категориями товаров;;;
;;;;;;3. Навести курсором на конкретный фильтр товаров;;3. Открывается подфильтр товаров;;;
;;;;;;4. Нажать на фильтр/подфильтр товара;;4. Открывается страница товаров соответствующая выбранной категории;;;
38;Работа разделов в Личном кабинете;Разделы Личного кабинета открываются и содержат соответствующую разделам информацию;;Высокий;Быть зарегистрированным и авторизованным пользователем ;1. Открыть страницу https://stroyseven.ru;;1. Главная страница сайта открывается;;;
;;;;;;2. Нажать на кнопку «Кабинет»;;2. Открывается выпадающий список с разделами «Личный кабинет», «История заказов», «Выход»;;;
;;;;;;3. Нажать на кнопку «Личный кабинет»;;3. Открывается страница с разделами Личного кабинета;;;
;;;;;;4. Нажать на кнопку «Моя информация»;;4. Открывается страница https://stroyseven.ru/my-account/ с сответвующей разделу информацией;;4. Открывается страница с информацией, которая соответсвует разделу «История заказов»;Баг-репорт 10
;;;;;;5. Нажать на кнопку «Изменить контактную информацию»;;5. Открывается страница https://stroyseven.ru/index.php?route=account/simpleedit с соответствующей разделу информацией;;;
;;;;;;6. Нажать на кнопку «Пароль»;;6. Открывается страница https://stroyseven.ru/change-password/ с соответствующей разделу информацией;;;
;;;;;;7. Нажать на кнопку «Адресная книга»;;7. Открывается страница https://stroyseven.ru/address-book/ с соответствующей разделу информацией;;;
;;;;;;8. Нажать на кнопку «Закладки»;;8. Открывается страница https://stroyseven.ru/wishlist/ с соответствующей разделу информацией;;;
;;;;;;9. Нажать на кнопку «История заказов»;;9. Открывается страница https://stroyseven.ru/order-history/ с соответствующей разделу информацией;;;
;;;;;;10. Нажать на кнопку «Файлы для скачивания»;;10. Открывается страница https://stroyseven.ru/downloads/ с соответствующей разделу информацией;;;
;;;;;;11. Нажать на кнопку «Регулярные платежи»;;11. Открывается страница https://stroyseven.ru/recurring/ с соответствующей разделу информацией;;;
;;;;;;12. Нажать на кнопку «Бонусные баллы»;;12. Открывается страница https://stroyseven.ru/reward-points/ с соответствующей разделу информацией;;;
;;;;;;13. Нажать на кнопку «Возвраты»;;13. Открывается страница https://stroyseven.ru/returns/ с соответствующей разделу информацией;;;
;;;;;;14. Нажать на кнопку «История транзакций»;;14. Открывается страница https://stroyseven.ru/transactions/ с соответствующей разделу информацией;;;
;;;;;;15. Нажать на кнопку «Выход»;;15. Открывается страница https://stroyseven.ru/logout/ с соответствующей разделу информацией;;;
39;Добавление товара/товаров в раздел «Сравнение» ;Пользователь может добавлять товар/товары в раздел  «Сравнение». Визуально должно быть удобно сравнивать товары;;Средний;;1. Открыть страницу https://stroyseven.ru;;1. Главная страница сайта открывается;;;
;;;;;;2. Нажать на кнопку «Каталог»;;2. Открывается выпадающий список с категориями товаров;;;
;;;;;;3. Выбрать конкретную категорию товара;;3. Открывается страница с товарами из выбранной категории;;;
;;;;;;4. Нажать на кнопку «Весы» на карточке конкретного товара;;4. Появляется уведомление о том, что выбранный товар добавлен в список сравнения;;;
;;;;;;5. Нажать на кнопку «Весы» на карточке другого конкретного товара;;5. Появляется уведомление о том, что выбранный товар добавлен в список сравнения;;;
;;;;;;6. Нажать на кнопку «Сравнение»;;6. Оба товара отображаются в списке сравнения. Визуально удобно сравнивать товары, критерии для сравнения расположены на одной строке;;;
40;Удаление товара из раздела «Сравнение» ;Пользователь может удалять товар из раздела  «Сравнение». ;;Средний;;1. Открыть страницу https://stroyseven.ru;;1. Главная страница сайта открывается;;;
;;;;;;2. Нажать на кнопку «Каталог»;;2. Открывается выпадающий список с категориями товаров;;;
;;;;;;3. Выбрать конкретную категорию товара;;3. Открывается страница с товарами из выбранной категории;;;
;;;;;;4. Нажать на кнопку «Весы» на карточке конкретного товара;;4. Появляется уведомление о том, что выбранный товар добавлен в список сравнения;;;
;;;;;;5. Нажать на кнопку «Сравнение»;;5. Товар отображается в списке сравнения;;;
;;;;;;6. Еще раз нажать на кнопку «Весы» на карточке конкретного товара;;6. Появляется уведомление о том, что выбранный товар удален из списка сравнения и товар удаляется;;;
41;Работа гипер-ссылок «В каталог» и «Подробнее» на рекламе;При нажатии на гипер-ссылки «В каталог» и «Подробнее» открываются соответсвующие рекламе разделы сайта;;Средний;;1. Открыть страницу https://stroyseven.ru;;1. Главная страница сайта открывается;;;
;;;;;;2. Нажать на гипер-ссылку «В каталог»;;2. Открывается страница товаров соответствующих рекламе при клике на саму гипер-ссылку;;2,3. Открывается страница товаров при клике на саму рекламу;Баг-фича 11
;;;;;;3. Нажать на гипер-ссылку «Подробнее»;;3. Открывается страница с информацией, соответствующей рекламе при клике на саму гипер-ссылку;;;
42;Работа слайдера с фотографиями главной рекламы сайта;Реклама перелистываете вперед/назад с помощью слайдера на боковых (слева и справа) сторонах рекламы;;Средний;;1. Открыть страницу https://stroyseven.ru;;1. Главная страница сайта открывается;;;
;;;;;;2. Нажать на боковой значок слайдера (справа) на рекламе и так по кругу;;2. Реклама прокручивается вперед неограниченное количество кругов;;;
;;;;;;3. Нажать на боковой значок слайдера (слева) на рекламе и так по кругу;;3. Реклама прокручивается назад неограниченное количество кругов;;;
43;Работа гипер-ссылок на карточках товара в разделе «Каталог товаров»;При нажатии на гипер-ссылки на карточках товаров открывается информация о соотвествующих товарах;;Средний;;1. Открыть страницу https://stroyseven.ru;;1. Главная страница сайта открывается;;;
;;;;;;2. Пролистать страницу сайта вниз до раздела «Каталог товаров»;;2. Отображаются карточки товаров с изображениями товара (нарисованные картинки) и гипер-ссылками на товары;;;
;;;;;;3. Нажать на гипер-ссылку конкретного товара;;3. Открывается страница с соответствующим товаром при клике на саму гипер-ссылку;;3. Открывается страница товаров при клике на саму карточку товара;Баг-фича 12
44;Работа гипер-ссылок на карточках товара в разделе «Лидеры продаж»;При нажатии на гипер-ссылки на карточках товаров открывается информация о соотвествующих товарах;;Средний;;1. Открыть страницу https://stroyseven.ru;;1. Главная страница сайта открывается;;;
;;;;;;2. Пролистать страницу сайта вниз до раздела «Лидеры продаж»;;2. Отображаются карточки товаров с изображениями товара (реальные фотографии) и гипер-ссылкой на товар;;;
;;;;;;3. Нажать на гипер-ссылку конкретного товара;;3. Открывается страница с соответствующим товаром при клике на саму гипер-ссылку;;3. Открывается страница товаров при клике на саму карточку товара;Баг-фича 13
45;Работа слайдера в разделе «Лидеры продаж»;Карточки с товарами перелистывают вперед/назад с помощью слайдера;;Средний;;1. Открыть страницу https://stroyseven.ru;;1. Главная страница сайта открывается;;;
;;;;;;2. Пролистать страницу сайта вниз до раздела «Лидеры продаж»;;2. Отображаются карточки товаров с изображениями товара (реальные фотографии);;;
;;;;;;3. С помощью слайдера перелистать страницы вправо;;3. Карточки с товарами пролистываются вперед. Пролистывание заканчивается, когда отображается последний товар в разделе (пролистывание не идет по кругу);;;
;;;;;;4. С помощью слайдера перелистать страницы влево;;4. Карточки с товарами пролистываются назад. Пролистывание заканчивается, когда отображается первый товар в разделе (пролистывание не идет по кругу);;;
46;Работа гипер-ссылок на карточках товара после раздела «Лидеры продаж» ;При нажатии на гипер-ссылки на карточках товаров открывается информация о соотвествующих товарах;;Средний;;1. Открыть страницу https://stroyseven.ru;;1. Главная страница сайта открывается;;;
;;;;;;2. Пролистать страницу сайта ниже раздела «Лидеры продаж»;;2. Отображаются карточки товаров с изображениями товара (реальные фотографии) на черном фоне все с одинаковым дизайном;;2. На карточке в середине товар изображен в рамке, на остальных карточках такого оформления нет;Баг 14
;;;;;;3. Нажать на гипер-ссылку конкретного товара;;3. Открывается страница с соответствующим товаром при клике на саму гипер-ссылку;;3. Открывается страница товаров при клике на саму карточку товара;Баг-фича 15
47;Работа слайдера в разделе «Новинки»;Карточки с товарами перелистывают вперед/назад с помощью слайдера;;Средний;;1. Открыть страницу https://stroyseven.ru;;1. Главная страница сайта открывается;;;
;;;;;;2. Пролистать страницу сайта вниз до раздела «Новинки»;;2. Отображается 1 карточка товара с изображением товара (реальная фотография);;;
;;;;;;3. С помощью слайдера перелистать страницы вправо;;3. Карточки с товарами пролистываются вперед.;;3.Пролистывания нет, страница после нажатия на слайдер зависает, необходима перезагрузка сайта;Баг 16
;;;;;;4. С помощью слайдера перелистать страницы влево;;4. Карточки с товарами пролистываются назад.;;4. Невозможно проверить работу слайдера, так как для того, чтобы прокрутить влево, сначала нужно прокрутить вправо, а эта функция заблокирована;
48;Работа слайдера в разделе «Товары по выгодным ценам»;Карточки с товарами перелистывают вперед/назад с помощью слайдера;;Средний ;;1. Открыть страницу https://stroyseven.ru;;1. Главная страница сайта открывается;;;
;;;;;;2. Пролистать страницу сайта вниз до раздела «Товары по выгодным ценам»;;2. Отображается 1 карточка товара с изображением товара (реальная фотография);;2. Полетела верстка в режиме сжатого экрана, слайдер наехал на надпись «Товары по выгодным ценам»;Баг 17
;;;;;;3. С помощью слайдера перелистать страницы вправо;;3. Карточки с товарами пролистываются вперед.;;3.Пролистывания нет, слайдер активен, но действия никакого не происходит;Баг 18
;;;;;;4. С помощью слайдера перелистать страницы влево;;4. Карточки с товарами пролистываются назад.;;4. Невозможно проверить работу слайдера, так как для того, чтобы прокрутить влево, сначала нужно прокрутить вправо, а эта функция заблокирована;
49;Работа слайдера в разделе «Рекомендуем»;Карточки с товарами перелистывают вперед/назад с помощью слайдера;;Средний;;1. Открыть страницу https://stroyseven.ru;;1. Главная страница сайта открывается;;;
;;;;;;2. Пролистать страницу сайта вниз до раздела «Рекомендуем»;;2. Отображаются 2 карточки с товарами с изображениями товаров (реальные фотографии);;;
;;;;;;3. С помощью слайдера перелистать страницы вправо;;3. Карточки с товарами пролистываются вперед. Пролистывание заканчивается, когда отображается последний товар в разделе (пролистывание не идет по кругу);;;
;;;;;;4. С помощью слайдера перелистать страницы влево;;4. 3. Карточки с товарами пролистываются назад. Пролистывание заканчивается, когда отображается первый товар в разделе (пролистывание не идет по кругу);;;
50;Работа кнопки «Показать еще» в разделе рекламы товаров после блока с новинками;При нажатии на кнопку «Показать еще» появляются новые товары;;Средний;;1. Открыть страницу https://stroyseven.ru;;1. Главная страница сайта открывается;;;
;;;;;;2. Пролистать страницу сайта вниз до раздела с рекламой товаров после раздела с новинками;;2. Отображаются карточки товаров в количестве 5ти штук;;;
;;;;;;3. Нажать на кнопку «Показать еще»;;3. Добавляется еще 5 товаров. При повторном нажатии на кнопку появляются еще товары (максимум 5). Если товаров меньше, то показываются остатки товаров и кнопка «Показать еще» исчезает;;;
51;Работа горизонтальной прокрутки блока с категориями товаров ;При прокрутке с помощью тачпада блок прокручивается влево и вправо;;Средний;;1. Открыть страницу https://stroyseven.ru;;1. Главная страница сайта открывается;;;
;;;;;;2. Пролистать страницу сайта вниз до раздела с категориями товаров на красном фоне;;2. Отображается красное поле для прокрутки с категориями товаров;;;
;;;;;;3. С помощью слайдера перелистать страницы вправо;;3. Категории товаров прокручиваются вправо;;;
;;;;;;4. С помощью слайдера перелистать страницы влево;;3. Категории товаров прокручиваются влево;;;
52;Работа кнопок с категориями товаров в блоке с горизонтальной прокруткой;При нажатии на кнопки с выбором категории товаров открывается поле с товарами соответствующей категории ;;Средний;;1. Открыть страницу https://stroyseven.ru;;1. Главная страница сайта открывается;;;
;;;;;;2. Пролистать страницу сайта вниз до раздела с категориями товаров на красном фоне;;2. Отображается красное поле для прокрутки с категориями товаров;;;
;;;;;;3. Нажать на конкретную категорию товаров (например «Листовые материалы»);;3. Открывается поле с товарами соответствующей категории;;;
53;Работа кнопки «В закладки» на карточке товара;При нажатии на кнопку «В закладки», товар попадает в раздел «Избранное»;;Средний;;1. Открыть страницу https://stroyseven.ru;;1. Главная страница сайта открывается;;;
;;;;;;2. Нажать на кнопку «Каталог»;;2. Открывается выпадающий список с категориями товаров;;;
;;;;;;3. Нажать на конкретную категорию товаров;;3. Открывается поле с товарами соответствующей категории. На каждом товаре изображение кнопок «В закладки», «Быстрый заказ», «В сравнение»;;;
;;;;;;4. Нажать на кнопку «Сердечко» на карточке конкретного товара;;4. Появляется оповещение, что данный товар добавлен раздел «Избранное»;;4. Кнопка «В закладки» ведет в «Избранное». Функционально система ведет себя правильно, но названия кнопок должны быть одинаковыми;Баг-фича 19
;;;;;;5. Нажать на кнопку «Избранное»;;5. Выбранный товар добавлен раздел «Избранное»;;;
;;;;;;6. Еще раз нажать на кнопку «Сердечко» на карточке конкретного товара;;6. Появляется оповещение, что данный товар удален из раздела «Избранное»;;5. Появляется оповещение, что данный товар удален из закладок;Баг 20
54;Работа кнопки «Быстрый заказ» на карточке товара;При нажатии на кнопку «Быстрый заказ», появляется форма для оформления быстрого заказа;;Средний;;1. Открыть страницу https://stroyseven.ru;;1. Главная страница сайта открывается;;;
;;;;;;2. Нажать на кнопку «Каталог»;;2. Открывается выпадающий список с категориями товаров;;;
;;;;;;3. Нажать на конкретную категорию товаров;;3. Открывается поле с товарами соответствующей категории. На каждом товаре изображение кнопок «В закладки», «Быстрый заказ», «В сравнение»;;;
;;;;;;4. Нажать на кнопку «Стрелка» на карточке конкретного товара;;4. Появляется форма для оформления быстрого заказа;;;
55;Работа кнопки «В сравнение» на карточке товара;При нажатии на кнопку «В сравнение», товар попадает в раздел «Cравнение»;;Средний;;1. Открыть страницу https://stroyseven.ru;;1. Главная страница сайта открывается;;;
;;;;;;2. Нажать на кнопку «Каталог»;;2. Открывается выпадающий список с категориями товаров;;;
;;;;;;3. Нажать на конкретную категорию товаров;;3. Открывается поле с товарами соответствующей категории. На каждом товаре изображение кнопок «В закладки», «Быстрый заказ», «В сравнение»;;;
;;;;;;4. Нажать на кнопку «Весы» на карточке конкретного товара;;4. Появляется оповещение, что данный товар добавлен в раздел «Cравнение»;;;
;;;;;;5. Нажать на кнопку «Сравнение»;;5. Выбранный товар добавлен в раздел «Cравнение»;;;
;;;;;;6. Удалить товар из раздела;;6. Товар удаляется;;;
56;Работа кнопки «Яндекс Маркет»;При нажатии на кнопку  «Яндекс Маркет» должен осуществляться переход на отзывы об интернет-магазине;;Средний;;1. Открыть страницу https://stroyseven.ru;;1. Главная страница сайта открывается;;;
;;;;;;2. Прокрутить страницу вниз до кнопки «Яндекс Маркет»;;2. Отображается кнопка «Яндекс Маркет» с возможностью посмотреть отзывы о сайте;;;
;;;;;;3. Нажать на кнопку «Яндекс Маркет»;;3. Открывается страница с отзывами о сайте;;Открывается страница с ошибкой 404;Баг 21
57;Работа разделов  в нижней части сайта (header) в разделе «Информация»;Категории в разделе «Информация» открываются и содержат соответствующую разделам информацию;;Средний;;1. Открыть страницу https://stroyseven.ru;;1. Главная страница сайта открывается;;;
;;;;;;2. Прокрутить страницу вниз до раздела «Информация»;;2. Отображаются разделы «О компании», «Доставка», «Политика конфеденциальности», «Условия соглашения»;;;
;;;;;;3. Нажать на раздел «О компании»;;3. Открывается страница https://stroyseven.ru/o_kompanii с соответствующей разделу информацией;;;
;;;;;;4. Нажать на раздел «Доставка»;;4. Открывается страница https://stroyseven.ru/dostavka с соответствующей разделу информацией;;;
;;;;;;5. Нажать на раздел «Политика конфеденциальности»;;5. Открывается страница https://stroyseven.ru/politika_bezopasnosti с соответствующей разделу информацией;;;
;;;;;;6. Нажать на раздел «Условия соглашения»;;5. Открывается страница https://stroyseven.ru/usloviya_soglasheniya с соответствующей разделу информацией;;;
58;Работа фильтров в разделе «Категории» в нижней части сайта (header);При открытии фильтров открывается страница с соответствующими категории  товарами;;Средний;;1. Открыть страницу https://stroyseven.ru;;1. Главная страница сайта открывается;;;
;;;;;;2. Прокрутить страницу вниз до раздела «Категории»;;2. Отображаются категории товаров сайта;;;
;;;;;;3. Нажать на конкретную категорию товаров (например «Листовые материалы»);;3. Открывается поле с товарами соответствующей категории;;;
59;Работа разделов  в нижней части сайта (header) в разделе «Дополнительно»;Категории в разделе «Дополнительно» открываются и содержат соответствующую разделам информацию;;Средний;;1. Открыть страницу https://stroyseven.ru;;1. Главная страница сайта открывается;;;
;;;;;;2. Прокрутить страницу вниз до раздела «Дополнительно»;;2. Отображаются разделы «Производители», «Партнерская программа», «Акции», «Карта сайта»;;;
;;;;;;3. Нажать на раздел «Производители»;;3. Открывается страница https://stroyseven.ru/brands/ с соответствующей разделу информацией;;;
;;;;;;4. Нажать на раздел «Партнерская программа»;;4. Открывается страница https://stroyseven.ru/affiliate-login/ с соответствующей разделу информацией;;;
;;;;;;5. Нажать на раздел «Акции»;;5. Открывается страница https://stroyseven.ru/specials/ с соответствующей разделу информацией;;;
;;;;;;6. Нажать на раздел «Карта сайта»;;6. Открывается страница https://stroyseven.ru/sitemap/ с соответствующей разделу информацией;;;
60;Работа разделов  в нижней части сайта (header) в разделе «Личный кабинет» для авторизованных пользователей;Категории в разделе «Личный кабинет» открываются и содержат соответствующую разделам информацию для авторизованных пользователей;;Средний;Быть зарегистрированным и авторизованным пользователем ;1. Открыть страницу https://stroyseven.ru;;1. Главная страница сайта открывается;;;
;;;;;;2. Прокрутить страницу вниз до раздела «Личный кабинет»;;2. Отображаются разделы «Личный кабинет», «История заказов», «Закладки», «Контакты»;;;
;;;;;;3. Нажать на раздел «Личный кабинет»;;3. Открывается страница https://stroyseven.ru/my-account/ с соответствующей разделу информацией;;;
;;;;;;4. Нажать на раздел «История заказов»;;4. Открывается страница https://stroyseven.ru/order-history/ с соответствующей разделу информацией;;;
;;;;;;5. Нажать на раздел «Закладки»;;5. Открывается страница https://stroyseven.ru/wishlist/ с соответствующей разделу информацией, название раздела «Избранное»;;5. Раздел называется «Закладки»;Баг 22
;;;;;;6. Нажать на раздел «Контакты»;;6. Открывается страница https://stroyseven.ru/kontakty с соответствующей разделу информацией;;;
61;Работа поля «Поиск»;При вводе конкретного товара в поисковую строку, товар находится либо выходит оповещении о том, что товар не найден;;Средний;;1. Открыть страницу https://stroyseven.ru;;1. Главная страница сайта открывается;;;
;;;;;;2. Ввести в поле поиска товар, который соответствует тематике сайта (например: кирпич);;2. Открывается выпадающий список с соответсвующим товаром;;;
;;;;;;3. Ввести в поле поиска товар, который не соответствует тематике сайта (например: селедка);;3. Выходит сообщение «Данного товара нет в наличии»;;3. Открывается выпадающий список с рандомными товарами;Баг 23
62;Работа кнопок на странице товара;На странице товара находятся кнопки «Все про товар», «Описание», «Характеристики», «Отзывы», «Вопрос-ответ». Все они функционируют и содержат соответствующую информацию;;Средний;;1. Открыть страницу https://stroyseven.ru;;1. Главная страница сайта открывается;;;
;;;;;;2. Нажать на кнопку «Каталог»;;2. Открывается выпадающий список с категориями товаров;;;
;;;;;;3. Выбрать конкретную категорию товара;;3. Открывается страница с товарами из выбранной категории;;;
;;;;;;4. Нажать на товар;;4. Появляется красное поле с кнопками «Все про товар», «Описание», «Характеристики», «Отзывы», «Вопрос-ответ»;;;
;;;;;;5. Нажать на кнопку «Все про товар»;;5. Кнопка кликабельна, после клика выходит соответствующая информация;;;
;;;;;;6. Нажать на кнопку «Описание»;;6. Кнопка кликабельна, после клика выходит соответствующая информация;;;
;;;;;;7. Нажать на кнопку «Характеристики»;;7. Кнопка кликабельна, после клика выходит соответствующая информация;;7. Кнопка «Характеристики» отсутствует на некоторых товарах;Баг 28
;;;;;;8. Нажать на кнопку «Отзывы»;;8. Кнопка кликабельна, после клика выходит соответствующая информация;;;
;;;;;;9. Нажать на кнопку «Вопрос-ответ»;;9. Кнопка кликабельна, после клика выходит соответствующая информация;;;